FLG2013_FLG_ID_005693_95288,431.1042780000
FLG2013_FLG_ID_005694_95292,11.1389270000
FLG2013_FLG_ID_005695_95293,10.3898790000
FLG2013_FLG_ID_000712_45914,15.7463740000
FLG2013_FLG_ID_000713_45917,6.8375170000
FLG2013_FLG_ID_000714_45918,15.3930800000
FLG2013_FLG_ID_000715_45919,14.6691810000
FLG2013_FLG_ID_000716_46252,36.7020360000
FLG2013_FLG_ID_000717_46255,67.1599290000
FLG2013_FLG_ID_000718_46256,40.3011590000
FLG2013_FLG_ID_001399_51230,19.6481920000
FLG2013_FLG_ID_001400_51233,14.8399180000
FLG2013_FLG_ID_001401_51234,26.8321660000
FLG2013_FLG_ID_001402_51235,12.3238410000
FLG2013_FLG_ID_001403_51238,27.3735330000
FLG2013_FLG_ID_001404_51244,29.0800260000
FLG2013_FLG_ID_001405_51250,32.3361080000
FLG2013_FLG_ID_001406_51252,17.8670760000
FLG2013_FLG_ID_001407_51253,14.3971350000
FLG2013_FLG_ID_001408_51254,13.1631130000
FLG2013_FLG_ID_001409_51255,14.6896600000
FLG2013_FLG_ID_001410_51257,19.7651200000
FLG2013_FLG_ID_001412_51264,217.6070680000
FLG2013_FLG_ID_001413_51270,39.6721920000
FLG2013_FLG_ID_001414_51274,30.5820660000
FLG2013_FLG_ID_001415_51280,40.4565300000
FLG2013_FLG_ID_001416_51284,29.8680630000
FLG2013_FLG_ID_001417_51288,29.9552630000
FLG2013_FLG_ID_001418_51301,23.4146740000
FLG2013_FLG_ID_001419_51305,30.8617290000
FLG2013_FLG_ID_000165_41329,46.2556810000
FLG2013_FLG_ID_000166_41330,63.9485790000
FLG2013_FLG_ID_000167_41335,75.4802600000
FLG2013_FLG_ID_000168_41356,31.5127370000
FLG2013_FLG_ID_000169_41360,62.2079430000
FLG2013_FLG_ID_000170_41361,5.1489590000
FLG2013_FLG_ID_000171_41369,5.0810060000
FLG2013_FLG_ID_000172_41372,29.4863100000
FLG2013_FLG_ID_000173_41378,59.4291600000
FLG2013_FLG_ID_000174_41383,197.5088590000
FLG2013_FLG_ID_000176_41450,206.8255640000
FLG2013_FLG_ID_000177_41482,14.3379050000
FLG2013_FLG_ID_000179_41556,132.3322040000
FLG2013_FLG_ID_001411_51258,205.9873710000
FLG2013_FLG_ID_000175_41388,56.8182170000
FLG2013_FLG_ID_000180_41600,79.9935290000
FLG2013_FLG_ID_000181_41603,58.0944350000
FLG2013_FLG_ID_000182_41665,47.6130910000
FLG2013_FLG_ID_000184_41706,299.6205510000
FLG2013_FLG_ID_000185_41709,39.7339830000
FLG2013_FLG_ID_000186_41710,37.7866960000
FLG2013_FLG_ID_000187_41714,125.7516400000
FLG2013_FLG_ID_000188_41716,9.5038090000
FLG2013_FLG_ID_000189_41717,10.8596460000
FLG2013_FLG_ID_000190_41718,10.5470210000
FLG2013_FLG_ID_000191_41730,5.0891730000
FLG2013_FLG_ID_000192_41731,14.7979410000
FLG2013_FLG_ID_000193_41732,6.3248140000
FLG2013_FLG_ID_000194_41734,10.4954170000
FLG2013_FLG_ID_000195_41747,7.0482560000
FLG2013_FLG_ID_000196_41748,52.9532940000
FLG2013_FLG_ID_000197_41749,44.4938290000
FLG2013_FLG_ID_000198_41759,11.3449810000
FLG2013_FLG_ID_000199_41760,9.5249150000
FLG2013_FLG_ID_000200_41761,6.7533050000
FLG2013_FLG_ID_000201_41769,6.7344310000
FLG2013_FLG_ID_000202_41773,7.6613060000
FLG2013_FLG_ID_000203_41774,21.8891790000
FLG2013_FLG_ID_000204_41775,48.9785330000
FLG2013_FLG_ID_000205_41780,41.7132450000
FLG2013_FLG_ID_000206_41794,12.7042790000
FLG2013_FLG_ID_000207_41795,17.6695680000
FLG2013_FLG_ID_000208_41797,13.6282390000
FLG2013_FLG_ID_000209_41802,150.6075870000
FLG2013_FLG_ID_000210_41811,138.4263670000
FLG2013_FLG_ID_000211_41816,160.9536460000
FLG2013_FLG_ID_000212_41820,14.4655840000
FLG2013_FLG_ID_000213_41821,18.4686830000
FLG2013_FLG_ID_000214_41832,12.2863810000
FLG2013_FLG_ID_000216_41836,209.3745590000
FLG2013_FLG_ID_000217_41837,6.5826540000
FLG2013_FLG_ID_000399_43305,5.2047390000
FLG2013_FLG_ID_000400_43341,5.5459690000
FLG2013_FLG_ID_000401_43350,7.2956700000
FLG2013_FLG_ID_000402_43356,8.7640150000
FLG2013_FLG_ID_004874_69386,34.3736170000
FLG2013_FLG_ID_004875_69387,55.8824820000
FLG2013_FLG_ID_004876_69388,43.7386770000
FLG2013_FLG_ID_004877_69389,58.5080790000
FLG2013_FLG_ID_005780_95443,7.8914660000
FLG2013_FLG_ID_005781_95444,7.7502790000
FLG2013_FLG_ID_005782_95445,57.4682160000
FLG2013_FLG_ID_005783_95446,6.0523950000
FLG2013_FLG_ID_005784_95447,12.5154500000
FLG2013_FLG_ID_005785_95448,5.8657240000
FLG2013_FLG_ID_005786_95449,27.3583440000
FLG2013_FLG_ID_005787_95450,44.4440480000
FLG2013_FLG_ID_005788_95451,5.8021500000
FLG2013_FLG_ID_002559_54294,183.5065500000
FLG2013_FLG_ID_002560_54295,5.4735290000
FLG2013_FLG_ID_002561_54296,5.4096910000
FLG2013_FLG_ID_002562_54297,5.0577190000
FLG2013_FLG_ID_002563_54298,10.8370500000
FLG2013_FLG_ID_002564_54299,7.7042880000
FLG2013_FLG_ID_002565_54300,6.1847940000
FLG2013_FLG_ID_002566_54301,5.9503700000
FLG2013_FLG_ID_002567_54308,5.6386140000
FLG2013_FLG_ID_002568_54310,5.6842610000
FLG2013_FLG_ID_002569_54311,5.4977630000
FLG2013_FLG_ID_002570_54312,5.3693060000
FLG2013_FLG_ID_002571_54314,5.5849060000
FLG2013_FLG_ID_003104_55367,5.7436460000
FLG2013_FLG_ID_003105_55368,5.6179910000
FLG2013_FLG_ID_003106_55369,5.6542710000
FLG2013_FLG_ID_003107_55370,5.6139460000
FLG2013_FLG_ID_003108_55371,5.3037330000
FLG2013_FLG_ID_003109_55372,5.5454800000
FLG2013_FLG_ID_003110_55373,5.5472040000
FLG2013_FLG_ID_003111_55374,5.5540510000
FLG2013_FLG_ID_003112_55375,5.4418250000
FLG2013_FLG_ID_003113_55376,5.5211570000
FLG2013_FLG_ID_003114_55377,5.4754890000
FLG2013_FLG_ID_003115_55378,5.4153020000
FLG2013_FLG_ID_003116_55379,5.5064380000
FLG2013_FLG_ID_003117_55380,5.3911780000
FLG2013_FLG_ID_003118_55381,5.4255400000
FLG2013_FLG_ID_003119_55382,5.3645210000
FLG2013_FLG_ID_003120_55383,5.4286400000
FLG2013_FLG_ID_003121_55384,5.4337470000
FLG2013_FLG_ID_003122_55388,5.6358800000
FLG2013_FLG_ID_003123_55389,5.5411800000
FLG2013_FLG_ID_003124_55390,5.6332340000
FLG2013_FLG_ID_003126_55393,180.8493690000
FLG2013_FLG_ID_003127_55394,5.4270480000
FLG2013_FLG_ID_003128_55395,5.7309490000
FLG2013_FLG_ID_003129_55396,5.7439740000
FLG2013_FLG_ID_003130_55397,5.4492570000
FLG2013_FLG_ID_003131_55398,5.7280960000
FLG2013_FLG_ID_003132_55400,8.4566220000
FLG2013_FLG_ID_003133_55401,5.4646120000
FLG2013_FLG_ID_003134_55402,5.4178030000
FLG2013_FLG_ID_003135_55406,8.1231210000
FLG2013_FLG_ID_003136_55407,7.2054620000
FLG2013_FLG_ID_003137_55427,7.1818960000
FLG2013_FLG_ID_003138_55430,5.8708770000
FLG2013_FLG_ID_003139_55431,6.0536030000
FLG2013_FLG_ID_003140_55433,6.0569550000
FLG2013_FLG_ID_003141_55441,5.9527100000
FLG2013_FLG_ID_003142_55442,7.5589430000
FLG2013_FLG_ID_003143_55445,6.0806850000
FLG2013_FLG_ID_003144_55446,6.4147320000
FLG2013_FLG_ID_003145_55447,6.1411370000
FLG2013_FLG_ID_003146_55448,5.1307910000
FLG2013_FLG_ID_003147_55449,5.2202130000
FLG2013_FLG_ID_003148_55450,12.3237660000
FLG2013_FLG_ID_003149_55451,5.9521530000
FLG2013_FLG_ID_003150_55453,5.5014650000
FLG2013_FLG_ID_003151_55454,5.4738530000
FLG2013_FLG_ID_003152_55455,5.6275870000
FLG2013_FLG_ID_003327_55774,11.1182470000
FLG2013_FLG_ID_003328_55777,5.6236770000
FLG2013_FLG_ID_003329_55778,5.4990820000
FLG2013_FLG_ID_003330_55783,6.8916900000
FLG2013_FLG_ID_003331_55784,5.5149620000
FLG2013_FLG_ID_003332_55785,5.4391950000
FLG2013_FLG_ID_003333_55787,5.4390330000
FLG2013_FLG_ID_003334_55788,5.5919320000
FLG2013_FLG_ID_003335_55790,6.2081450000
FLG2013_FLG_ID_003336_55793,5.7351980000
FLG2013_FLG_ID_003337_55801,5.6468990000
FLG2013_FLG_ID_005572_95066,8.1266930000
FLG2013_FLG_ID_005573_95069,52.0261080000
FLG2013_FLG_ID_005574_95076,7.1053570000
FLG2013_FLG_ID_005575_95077,55.6670440000
FLG2013_FLG_ID_005576_95081,27.6543820000
FLG2013_FLG_ID_005577_95083,6.4623560000
FLG2013_FLG_ID_005578_95087,5.9872450000
FLG2013_FLG_ID_005579_95088,11.8039080000
FLG2013_FLG_ID_005580_95090,21.9302840000
FLG2013_FLG_ID_005581_95091,9.0843130000
FLG2013_FLG_ID_005582_95095,34.2982770000
FLG2013_FLG_ID_005583_95096,6.5366550000
FLG2013_FLG_ID_005584_95097,41.1880410000
FLG2013_FLG_ID_005585_95102,16.4624880000
FLG2013_FLG_ID_005586_95105,52.3510250000
FLG2013_FLG_ID_005587_95107,7.1114500000
FLG2013_FLG_ID_005588_95108,13.0847380000
FLG2013_FLG_ID_005589_95111,30.0168900000
FLG2013_FLG_ID_005590_95112,28.0282780000
FLG2013_FLG_ID_005591_95117,6.6439230000
FLG2013_FLG_ID_005592_95118,6.1616410000
FLG2013_FLG_ID_005593_95119,5.6392340000
FLG2013_FLG_ID_005594_95120,5.5605270000
FLG2013_FLG_ID_005595_95121,5.6114570000
FLG2013_FLG_ID_005596_95122,5.9169600000
FLG2013_FLG_ID_005597_95123,6.0725940000
FLG2013_FLG_ID_005598_95124,5.8788630000
FLG2013_FLG_ID_005599_95125,6.5682390000
FLG2013_FLG_ID_005600_95126,52.0586690000
FLG2013_FLG_ID_005601_95127,6.0927390000
FLG2013_FLG_ID_005602_95129,8.6922070000
FLG2013_FLG_ID_005603_95134,46.0869530000
FLG2013_FLG_ID_005604_95138,5.8178690000
FLG2013_FLG_ID_005605_95139,12.9494140000
FLG2013_FLG_ID_001564_51739,16.1871940000
FLG2013_FLG_ID_001565_51741,16.8966780000
FLG2013_FLG_ID_001567_51745,208.3425800000
FLG2013_FLG_ID_001568_51749,6.2908590000
FLG2013_FLG_ID_001569_51750,48.1054460000
FLG2013_FLG_ID_001570_51768,34.8529850000
FLG2013_FLG_ID_001571_51772,32.7332110000
FLG2013_FLG_ID_001572_51775,61.5148510000
FLG2013_FLG_ID_001573_51779,68.8297380000
FLG2013_FLG_ID_001574_51782,52.8465860000
FLG2013_FLG_ID_001576_51801,208.7372090000
FLG2013_FLG_ID_001577_51802,52.7451260000
FLG2013_FLG_ID_001578_51803,19.5107480000
FLG2013_FLG_ID_001579_51808,68.1163090000
FLG2013_FLG_ID_001580_51809,20.6817200000
FLG2013_FLG_ID_001581_51815,20.8447490000
FLG2013_FLG_ID_001582_51820,100.7937290000
FLG2013_FLG_ID_001583_51823,20.8968340000
FLG2013_FLG_ID_000329_42858,14.3361090000
FLG2013_FLG_ID_000330_42859,5.7429310000
FLG2013_FLG_ID_000331_42903,131.4994110000
FLG2013_FLG_ID_000332_42910,28.0916180000
FLG2013_FLG_ID_000333_42931,148.5219640000
FLG2013_FLG_ID_000334_42934,22.4960490000
FLG2013_FLG_ID_000335_42947,262.3579250000
FLG2013_FLG_ID_000336_42948,46.1437400000
FLG2013_FLG_ID_000337_42949,67.0352170000
FLG2013_FLG_ID_000338_42951,145.1787140000
FLG2013_FLG_ID_000339_43002,87.4103640000
FLG2013_FLG_ID_000340_43016,212.2144260000
FLG2013_FLG_ID_000342_43024,184.2248760000
FLG2013_FLG_ID_000343_43025,53.5790360000
FLG2013_FLG_ID_000344_43064,85.5393300000
FLG2013_FLG_ID_000345_43074,34.2599050000
FLG2013_FLG_ID_000346_43075,65.1719760000
FLG2013_FLG_ID_000348_43086,239.0873450000
FLG2013_FLG_ID_000349_43087,30.4317690000
FLG2013_FLG_ID_000350_43088,34.0480280000
FLG2013_FLG_ID_004434_61647,20.9918290000
FLG2013_FLG_ID_004435_61648,11.3830160000
FLG2013_FLG_ID_004436_61649,20.0530870000
FLG2013_FLG_ID_004437_61650,10.7018820000
FLG2013_FLG_ID_004438_61651,20.7350410000
FLG2013_FLG_ID_004439_61652,11.2814120000
FLG2013_FLG_ID_004440_61653,21.2712030000
FLG2013_FLG_ID_004442_61656,206.6406920000
FLG2013_FLG_ID_004443_61664,22.1972480000
FLG2013_FLG_ID_004444_61665,23.1591270000
FLG2013_FLG_ID_002696_54525,5.6416130000
FLG2013_FLG_ID_002697_54526,5.4300800000
FLG2013_FLG_ID_002698_54527,5.4594570000
FLG2013_FLG_ID_002699_54528,5.5044550000
FLG2013_FLG_ID_002700_54532,8.3859060000
FLG2013_FLG_ID_002701_54533,6.8526470000
FLG2013_FLG_ID_002702_54534,5.6138820000
FLG2013_FLG_ID_002703_54535,5.6651200000
FLG2013_FLG_ID_002704_54536,7.2011910000
FLG2013_FLG_ID_002705_54539,7.3764480000
FLG2013_FLG_ID_002706_54541,6.9831960000
FLG2013_FLG_ID_002707_54546,5.4689000000
FLG2013_FLG_ID_002708_54547,5.5246160000
FLG2013_FLG_ID_002709_54558,6.8252510000
FLG2013_FLG_ID_002710_54560,8.9151130000
FLG2013_FLG_ID_002711_54562,11.8065840000
FLG2013_FLG_ID_002712_54563,6.9364180000
FLG2013_FLG_ID_002713_54564,8.0531590000
FLG2013_FLG_ID_002714_54565,6.8822120000
FLG2013_FLG_ID_002715_54566,9.0835600000
FLG2013_FLG_ID_002716_54568,10.1285210000
FLG2013_FLG_ID_002717_54569,8.2512180000
FLG2013_FLG_ID_002718_54570,13.5024250000
FLG2013_FLG_ID_002719_54573,5.6068100000
FLG2013_FLG_ID_002720_54575,10.8801710000
FLG2013_FLG_ID_002721_54576,5.5165850000
FLG2013_FLG_ID_002722_54577,7.4942220000
FLG2013_FLG_ID_002723_54578,6.8950260000
FLG2013_FLG_ID_002724_54583,11.9272910000
FLG2013_FLG_ID_002725_54584,7.0858470000
FLG2013_FLG_ID_002727_54586,201.9710050000
FLG2013_FLG_ID_002728_54591,5.6328140000
FLG2013_FLG_ID_002729_54592,5.7413880000
FLG2013_FLG_ID_002730_54596,5.5352310000
FLG2013_FLG_ID_001330_51004,11.9103080000
FLG2013_FLG_ID_001331_51005,14.1556760000
FLG2013_FLG_ID_001332_51006,17.0985360000
FLG2013_FLG_ID_001335_51011,193.4525040000
FLG2013_FLG_ID_001336_51017,8.6786890000
FLG2013_FLG_ID_001337_51019,34.2632690000
FLG2013_FLG_ID_001338_51031,30.2905200000
FLG2013_FLG_ID_001339_51032,16.6770100000
FLG2013_FLG_ID_001340_51034,37.9252400000
FLG2013_FLG_ID_001341_51035,98.6848560000
FLG2013_FLG_ID_001342_51038,27.1718790000
FLG2013_FLG_ID_001343_51040,14.2034160000
FLG2013_FLG_ID_002136_53530,8.8056350000
FLG2013_FLG_ID_000158_41307,89.3938320000
FLG2013_FLG_ID_000281_42355,6.4527640000
FLG2013_FLG_ID_002469_54153,5.7366530000
FLG2013_FLG_ID_004449_61683,20.3597660000
FLG2013_FLG_ID_004137_60527,192.6016190000
FLG2013_FLG_ID_001607_51881,155.9657070000
FLG2013_FLG_ID_000751_47149,5.5338040000
FLG2013_FLG_ID_005273_91195,60.0727260000
FLG2013_FLG_ID_000154_41300,58.7521440000
FLG2013_FLG_ID_005701_95302,5.9142230000
FLG2013_FLG_ID_002053_53381,5.5632060000
FLG2013_FLG_ID_003681_56423,17.8283280000
FLG2013_FLG_ID_000474_44126,10.4503060000
FLG2013_FLG_ID_002316_53873,5.9809390000
FLG2013_FLG_ID_001635_52083,31.3786650000
FLG2013_FLG_ID_004539_62143,29.1847780000
FLG2013_FLG_ID_005867_99682,5.6326620000
FLG2013_FLG_ID_002933_55040,5.5319420000
FLG2013_FLG_ID_001112_49697,72.2931130000
FLG2013_FLG_ID_003305_55730,12.3523030000
FLG2013_FLG_ID_002230_53736,13.7516770000
FLG2013_FLG_ID_004264_61035,5.5389830000
FLG2013_FLG_ID_004146_60597,10.2342790000
FLG2013_FLG_ID_005143_88737,11.4549000000
FLG2013_FLG_ID_002888_54969,6.2495920000
FLG2013_FLG_ID_001878_52813,10.5370320000
FLG2013_FLG_ID_004064_60121,71.3348110000
FLG2013_FLG_ID_005891_99833,5.4448150000
FLG2013_FLG_ID_000911_48364,6.8923430000
FLG2013_FLG_ID_002753_54651,5.7372140000
FLG2013_FLG_ID_004689_68911,10.7041350000
FLG2013_FLG_ID_000808_47546,45.9201200000
FLG2013_FLG_ID_000840_47774,187.6520440000
FLG2013_FLG_ID_005725_95336,6.1028910000
FLG2013_FLG_ID_005818_95541,9.7125850000
FLG2013_FLG_ID_003227_55571,6.0256110000
FLG2013_FLG_ID_001801_52556,191.5587150000
FLG2013_FLG_ID_001835_52645,8.3826320000
FLG2013_FLG_ID_005704_95306,6.0332030000
FLG2013_FLG_ID_004237_60912,35.0223210000
FLG2013_FLG_ID_004728_69111,15.4737830000
FLG2013_FLG_ID_005100_83797,5.6119290000
FLG2013_FLG_ID_003440_56025,6.0191880000
FLG2013_FLG_ID_000004_43076,9.0402000000
FLG2013_FLG_ID_000581_44907,14.2916600000
FLG2013_FLG_ID_005298_91233,5.8507130000
FLG2013_FLG_ID_003988_60002,27.2585120000
FLG2013_FLG_ID_004035_60082,132.3666290000
FLG2013_FLG_ID_005269_91191,13.9639560000
FLG2013_FLG_ID_000552_44733,14.9582220000
FLG2013_FLG_ID_003932_56885,20.1605530000
FLG2013_FLG_ID_004111_60378,24.7838690000
FLG2013_FLG_ID_004475_61870,9.9381410000
FLG2013_FLG_ID_004464_61784,12.0516930000
FLG2013_FLG_ID_004743_69130,120.0365290000
FLG2013_FLG_ID_002036_53342,10.3585210000
FLG2013_FLG_ID_003818_56659,5.9279160000
FLG2013_FLG_ID_004507_61937,6.6589840000
FLG2013_FLG_ID_002468_54152,5.8904720000
FLG2013_FLG_ID_003867_56758,13.0389940000
FLG2013_FLG_ID_001636_52086,6.2531400000
FLG2013_FLG_ID_004757_69155,6.2497390000
FLG2013_FLG_ID_004660_63215,10.8406000000
FLG2013_FLG_ID_000055_32845,16.0001280000
FLG2013_FLG_ID_003823_56665,6.4308750000
FLG2013_FLG_ID_001134_50031,109.8118750000
FLG2013_FLG_ID_000116_40689,10.9282050000
FLG2013_FLG_ID_003064_55302,5.5426210000
FLG2013_FLG_ID_001894_52856,13.1392560000
FLG2013_FLG_ID_003641_56354,6.8034870000
FLG2013_FLG_ID_002039_53346,7.2785130000
FLG2013_FLG_ID_001317_50563,133.0121240000
FLG2013_FLG_ID_002552_54287,182.7124290000
FLG2013_FLG_ID_005406_92439,34.6414900000
FLG2013_FLG_ID_005819_95542,6.5305420000
FLG2013_FLG_ID_001601_51868,6.6379870000
FLG2013_FLG_ID_003166_55473,5.2246580000
FLG2013_FLG_ID_005364_91911,5.6344520000
FLG2013_FLG_ID_001553_51711,47.1801110000
FLG2013_FLG_ID_000563_44784,17.5389660000
FLG2013_FLG_ID_002291_53847,5.9411860000
FLG2013_FLG_ID_001318_50570,65.1323520000
FLG2013_FLG_ID_000677_45713,16.4765650000
FLG2013_FLG_ID_001032_49119,5.9412910000
FLG2013_FLG_ID_005079_83723,5.6741340000
FLG2013_FLG_ID_000059_32854,9.9541760000
FLG2013_FLG_ID_005559_95023,17.5124080000
FLG2013_FLG_ID_004149_60612,20.9353710000
FLG2013_FLG_ID_002374_53975,5.6727680000
FLG2013_FLG_ID_003971_56939,5.7994160000
FLG2013_FLG_ID_005262_91087,8.1285990000
FLG2013_FLG_ID_005395_92219,14.4305120000
FLG2013_FLG_ID_000744_47120,11.0504440000
FLG2013_FLG_ID_001645_52108,5.6407570000
FLG2013_FLG_ID_005195_88845,10.8302870000
FLG2013_FLG_ID_002080_53421,5.7411310000
FLG2013_FLG_ID_000831_47755,12.0862320000
FLG2013_FLG_ID_002593_54347,5.7944260000
FLG2013_FLG_ID_003776_56606,14.0809980000
FLG2013_FLG_ID_000905_48356,6.8616670000
FLG2013_FLG_ID_004907_74823,5.7206400000
FLG2013_FLG_ID_000583_44912,15.7793010000
FLG2013_FLG_ID_001222_50257,10.2235190000
FLG2013_FLG_ID_005728_95350,118.5841360000
FLG2013_FLG_ID_005421_92547,6.4296250000
FLG2013_FLG_ID_005052_79422,50.7046880000
FLG2013_FLG_ID_003519_56137,5.6350610000
FLG2013_FLG_ID_001771_52446,6.5571330000
FLG2013_FLG_ID_001036_49203,5.6683590000
FLG2013_FLG_ID_004161_60652,75.0298640000
FLG2013_FLG_ID_005161_88774,7.4853040000
FLG2013_FLG_ID_004311_61272,10.6790050000
FLG2013_FLG_ID_002513_54231,7.2089270000
FLG2013_FLG_ID_003684_56430,5.8820460000
FLG2013_FLG_ID_003743_56546,5.8807660000
FLG2013_FLG_ID_001355_51081,8.3157820000
FLG2013_FLG_ID_005443_92756,14.2892560000
FLG2013_FLG_ID_004168_60695,5.8786600000
FLG2013_FLG_ID_005635_95189,5.4251170000
FLG2013_FLG_ID_005665_95242,217.4628590000
FLG2013_FLG_ID_001067_49425,13.7799720000
FLG2013_FLG_ID_004655_63208,5.8702900000
FLG2013_FLG_ID_003639_56351,5.4297410000
FLG2013_FLG_ID_000221_41856,5.9917400000
FLG2013_FLG_ID_000373_43136,6.1307250000
FLG2013_FLG_ID_001351_51052,8.7270170000
FLG2013_FLG_ID_005307_91258,169.6240520000
FLG2013_FLG_ID_000240_42017,60.8454450000
FLG2013_FLG_ID_002347_53925,8.1124580000
FLG2013_FLG_ID_002595_54365,8.2786550000
FLG2013_FLG_ID_004947_75805,240.4044390000
FLG2013_FLG_ID_002795_54780,5.8751600000
FLG2013_FLG_ID_005206_89014,5.4751330000
FLG2013_FLG_ID_001174_50152,6.3512650000
FLG2013_FLG_ID_003265_55650,5.5562420000
FLG2013_FLG_ID_001325_50877,15.7545420000
FLG2013_FLG_ID_002454_54125,5.4066820000
FLG2013_FLG_ID_000103_40444,5.6338000000
FLG2013_FLG_ID_003808_56645,5.7398390000
FLG2013_FLG_ID_000269_42259,14.4476090000
FLG2013_FLG_ID_002944_55059,5.6228430000
FLG2013_FLG_ID_002252_53772,6.1370760000
FLG2013_FLG_ID_001524_51621,76.2955310000
FLG2013_FLG_ID_004546_62175,5.8235340000
FLG2013_FLG_ID_000038_91289,5.7854970000
FLG2013_FLG_ID_003957_56925,5.8938300000
FLG2013_FLG_ID_004824_69259,45.0815520000
FLG2013_FLG_ID_002223_53722,15.0268830000
FLG2013_FLG_ID_003442_56032,17.9818880000
FLG2013_FLG_ID_002733_54601,5.5604090000
FLG2013_FLG_ID_000153_41288,6.8177170000
FLG2013_FLG_ID_002263_53792,21.2403360000
FLG2013_FLG_ID_004013_60043,25.8017450000
FLG2013_FLG_ID_004393_61565,6.6582190000
FLG2013_FLG_ID_001049_49315,69.2297580000
FLG2013_FLG_ID_004866_69360,139.7173730000
FLG2013_FLG_ID_001953_53084,7.7901550000
FLG2013_FLG_ID_001672_52165,32.1061670000
FLG2013_FLG_ID_000461_43848,29.2236860000
FLG2013_FLG_ID_002657_54465,6.1711870000
FLG2013_FLG_ID_004490_61900,6.0772900000
FLG2013_FLG_ID_000615_45224,5.9685890000
FLG2013_FLG_ID_000519_44587,8.7681680000
FLG2013_FLG_ID_004664_63231,7.0073340000
FLG2013_FLG_ID_002799_54784,6.9827960000
FLG2013_FLG_ID_001657_52133,5.6307330000
FLG2013_FLG_ID_001695_52207,11.2643600000
FLG2013_FLG_ID_001324_50780,45.0196100000
FLG2013_FLG_ID_004758_69158,5.1816160000
FLG2013_FLG_ID_003340_55804,5.7023620000
FLG2013_FLG_ID_001814_52597,33.3930720000
FLG2013_FLG_ID_000369_43132,6.5907910000
FLG2013_FLG_ID_000325_42830,11.0923790000
FLG2013_FLG_ID_002399_54024,6.1264180000
FLG2013_FLG_ID_001998_53209,8.1255110000
FLG2013_FLG_ID_001941_53058,5.9628130000
FLG2013_FLG_ID_003869_56760,6.9838680000
FLG2013_FLG_ID_004998_79327,5.7756130000
FLG2013_FLG_ID_005440_92695,5.9841720000
FLG2013_FLG_ID_003917_56851,5.9875950000
FLG2013_FLG_ID_004883_69395,5.8646020000
FLG2013_FLG_ID_000390_43245,38.9307830000
FLG2013_FLG_ID_001705_52237,10.1886310000
FLG2013_FLG_ID_005775_95431,85.6581760000
FLG2013_FLG_ID_000895_48335,23.2841990000
FLG2013_FLG_ID_004024_60067,127.2141620000
FLG2013_FLG_ID_004951_75812,5.8753800000
FLG2013_FLG_ID_004996_79324,5.6344070000
FLG2013_FLG_ID_002456_54127,6.0418960000
FLG2013_FLG_ID_002449_54117,6.1279730000
FLG2013_FLG_ID_000873_48209,5.6363690000
FLG2013_FLG_ID_003572_56222,5.6350040000
FLG2013_FLG_ID_000579_44902,15.2317200000
FLG2013_FLG_ID_004139_60543,7.3783280000
FLG2013_FLG_ID_002890_54971,5.8861330000
FLG2013_FLG_ID_001035_49199,5.7530030000
FLG2013_FLG_ID_005012_79354,5.4800080000
FLG2013_FLG_ID_003179_55489,5.1043530000
FLG2013_FLG_ID_005048_79415,42.5620500000
FLG2013_FLG_ID_000220_41853,6.6008350000
FLG2013_FLG_ID_001128_50005,6.0115490000
FLG2013_FLG_ID_002114_53498,5.8854960000
FLG2013_FLG_ID_002991_55129,7.6297270000
FLG2013_FLG_ID_005519_93961,214.1359260000
FLG2013_FLG_ID_003990_60005,13.9215500000
FLG2013_FLG_ID_004552_62240,61.9913210000
FLG2013_FLG_ID_004194_60785,111.9457800000
FLG2013_FLG_ID_004879_69391,6.0476740000
FLG2013_FLG_ID_004999_79329,5.7069040000
FLG2013_FLG_ID_000974_48712,34.9856520000
FLG2013_FLG_ID_005209_89547,18.2355300000
FLG2013_FLG_ID_002231_53737,11.9663030000
FLG2013_FLG_ID_003385_55915,5.5342990000
FLG2013_FLG_ID_004074_60162,5.2693930000
FLG2013_FLG_ID_002681_54505,5.8197270000
FLG2013_FLG_ID_003282_55680,5.5086830000
FLG2013_FLG_ID_003264_55649,6.8078140000
FLG2013_FLG_ID_002170_53618,5.5880190000
FLG2013_FLG_ID_002549_54284,5.7617360000
FLG2013_FLG_ID_003765_56587,5.7107320000
FLG2013_FLG_ID_005283_91214,5.8233720000
FLG2013_FLG_ID_002614_54403,5.6062950000
FLG2013_FLG_ID_003483_56089,5.7982850000
FLG2013_FLG_ID_003316_55755,5.4781920000
FLG2013_FLG_ID_000767_47292,7.7043780000
FLG2013_FLG_ID_004431_61606,9.6124030000
FLG2013_FLG_ID_003629_56340,5.8118270000
FLG2013_FLG_ID_000371_43134,209.5100020000
FLG2013_FLG_ID_000119_40740,6.6181790000
FLG2013_FLG_ID_003621_56315,5.8737250000
FLG2013_FLG_ID_002011_53247,7.5876080000
FLG2013_FLG_ID_004345_61367,11.8266120000
FLG2013_FLG_ID_005095_83763,68.1080460000
FLG2013_FLG_ID_001694_52206,7.0944940000
FLG2013_FLG_ID_000723_46330,12.6544710000
FLG2013_FLG_ID_002474_54162,8.8549610000
FLG2013_FLG_ID_000642_45433,12.6808910000
FLG2013_FLG_ID_000599_45012,21.7862900000
FLG2013_FLG_ID_001945_53066,6.1456960000
FLG2013_FLG_ID_002035_53319,7.3557220000
FLG2013_FLG_ID_004395_61567,6.5996420000
FLG2013_FLG_ID_000318_42705,41.5397230000
FLG2013_FLG_ID_004698_69055,6.5363190000
FLG2013_FLG_ID_002590_54343,5.5346440000
FLG2013_FLG_ID_003029_55187,5.5271130000
FLG2013_FLG_ID_005824_98201,7.2053270000
FLG2013_FLG_ID_002073_53412,5.6043830000
FLG2013_FLG_ID_001285_50455,16.3747850000
FLG2013_FLG_ID_000912_48365,6.6594960000
FLG2013_FLG_ID_000778_47322,6.6594330000
FLG2013_FLG_ID_001842_52675,12.8880920000
FLG2013_FLG_ID_001248_50349,5.6364430000
FLG2013_FLG_ID_003702_56474,5.6329030000
FLG2013_FLG_ID_005394_92218,19.1929160000
FLG2013_FLG_ID_003525_56143,5.5811010000
FLG2013_FLG_ID_005550_95008,7.1443630000
FLG2013_FLG_ID_004351_61392,10.4457800000
FLG2013_FLG_ID_003348_55815,5.4012330000
FLG2013_FLG_ID_004699_69062,77.3980000000
FLG2013_FLG_ID_003072_55311,5.7460890000
FLG2013_FLG_ID_005381_92134,10.9950780000
FLG2013_FLG_ID_003835_56679,5.7151380000
FLG2013_FLG_ID_002110_53485,18.8201180000
FLG2013_FLG_ID_004116_60394,8.9628820000
FLG2013_FLG_ID_005569_95058,6.2917390000
FLG2013_FLG_ID_001530_51633,82.6712940000
FLG2013_FLG_ID_004857_69337,195.1507410000
FLG2013_FLG_ID_002754_54653,5.8163310000
FLG2013_FLG_ID_004880_69392,5.6376570000
FLG2013_FLG_ID_000639_45425,8.3856000000
FLG2013_FLG_ID_003599_56289,5.9856830000
FLG2013_FLG_ID_003321_55763,6.1960890000
FLG2013_FLG_ID_005223_90951,15.1479680000
FLG2013_FLG_ID_000142_41157,19.8793440000
FLG2013_FLG_ID_002070_53408,5.6573630000
FLG2013_FLG_ID_000464_43901,110.8638310000
FLG2013_FLG_ID_004641_63175,9.2706670000
FLG2013_FLG_ID_002451_54120,5.4371830000
FLG2013_FLG_ID_003949_56915,6.3833760000
FLG2013_FLG_ID_002125_53512,5.4402530000
FLG2013_FLG_ID_001365_51123,14.5408210000
FLG2013_FLG_ID_002772_54706,5.8528890000
FLG2013_FLG_ID_003992_60008,38.3126740000
FLG2013_FLG_ID_000833_47761,51.3069750000
FLG2013_FLG_ID_003812_56652,5.9081390000
FLG2013_FLG_ID_000356_43101,6.0872950000
FLG2013_FLG_ID_001816_52600,23.8643810000
FLG2013_FLG_ID_004349_61381,13.7715510000
FLG2013_FLG_ID_004499_61921,5.8773270000
FLG2013_FLG_ID_003954_56920,5.9518440000
FLG2013_FLG_ID_002525_54250,7.1038560000
FLG2013_FLG_ID_003371_55873,6.5763180000
FLG2013_FLG_ID_003381_55911,5.9990150000
FLG2013_FLG_ID_004890_69417,5.4751180000
FLG2013_FLG_ID_002796_54781,5.8681910000
FLG2013_FLG_ID_005537_94654,14.4014610000
FLG2013_FLG_ID_000254_42129,5.8065580000
FLG2013_FLG_ID_004368_61435,7.7844610000
FLG2013_FLG_ID_000441_43690,216.3566100000
FLG2013_FLG_ID_005477_93354,33.1769680000
FLG2013_FLG_ID_003511_56124,6.1929410000
FLG2013_FLG_ID_005889_99755,13.9033350000
FLG2013_FLG_ID_000374_43139,19.2850420000
FLG2013_FLG_ID_002342_53919,9.2776340000
FLG2013_FLG_ID_004585_62530,54.9606240000
FLG2013_FLG_ID_000307_42580,8.4740780000
FLG2013_FLG_ID_000874_48215,16.8301870000
FLG2013_FLG_ID_002307_53864,5.5944560000
FLG2013_FLG_ID_005453_92854,5.5086600000
FLG2013_FLG_ID_001875_52806,24.8792580000
FLG2013_FLG_ID_003879_56779,5.7799090000
FLG2013_FLG_ID_003565_56211,6.2595690000
FLG2013_FLG_ID_000938_48455,19.5716710000
FLG2013_FLG_ID_002107_53480,16.8768950000
FLG2013_FLG_ID_001005_48851,8.6580250000
FLG2013_FLG_ID_005510_93694,8.3116160000
FLG2013_FLG_ID_003802_56637,7.7466870000
FLG2013_FLG_ID_004914_75730,208.2229820000
FLG2013_FLG_ID_001754_52405,17.5661020000
FLG2013_FLG_ID_000486_44281,9.4567460000
FLG2013_FLG_ID_005679_95266,9.4901100000
FLG2013_FLG_ID_001777_52472,6.3793180000
FLG2013_FLG_ID_004946_75799,6.3487790000
FLG2013_FLG_ID_005465_92971,12.0019240000
FLG2013_FLG_ID_004221_60873,35.8395610000
FLG2013_FLG_ID_005700_95301,5.6652320000
FLG2013_FLG_ID_000506_44525,20.3549400000
FLG2013_FLG_ID_000282_42357,85.4337040000
FLG2013_FLG_ID_000016_51479,6.1818540000
FLG2013_FLG_ID_002169_53617,9.5284300000
FLG2013_FLG_ID_004216_60848,44.8141960000
FLG2013_FLG_ID_002327_53897,6.1134320000
FLG2013_FLG_ID_005033_79386,5.5296610000
FLG2013_FLG_ID_003768_56592,6.3934950000
FLG2013_FLG_ID_005528_94147,27.1042550000
FLG2013_FLG_ID_000572_44837,5.6872660000
FLG2013_FLG_ID_001988_53185,201.1872710000
FLG2013_FLG_ID_003838_56683,7.2050580000
FLG2013_FLG_ID_001913_52892,19.9463180000
FLG2013_FLG_ID_002969_55098,6.2001010000
FLG2013_FLG_ID_001670_52162,35.3178090000
FLG2013_FLG_ID_001263_50387,6.4232180000
FLG2013_FLG_ID_002679_54503,5.4013960000
FLG2013_FLG_ID_002483_54180,5.7039590000
FLG2013_FLG_ID_001039_49213,10.8832350000
FLG2013_FLG_ID_005680_95267,6.6210580000
FLG2013_FLG_ID_002376_53980,6.0567730000
FLG2013_FLG_ID_005419_92544,5.2220480000
FLG2013_FLG_ID_004003_60025,35.1199470000
FLG2013_FLG_ID_003881_56781,5.8192380000
FLG2013_FLG_ID_005373_91966,6.1992270000
FLG2013_FLG_ID_002479_54172,5.6165100000
FLG2013_FLG_ID_002215_53711,12.6995900000
FLG2013_FLG_ID_001888_52842,13.5358380000
FLG2013_FLG_ID_004976_75852,47.4189860000
FLG2013_FLG_ID_000741_47083,27.0084320000
FLG2013_FLG_ID_000312_42656,6.0322070000
FLG2013_FLG_ID_005110_83854,5.9781120000
FLG2013_FLG_ID_000971_48708,34.6698050000
FLG2013_FLG_ID_005482_93391,5.7614540000
FLG2013_FLG_ID_004648_63195,6.1487890000
FLG2013_FLG_ID_003038_55217,18.6123950000
FLG2013_FLG_ID_004220_60870,62.7448840000
FLG2013_FLG_ID_000443_43695,5.7432410000
FLG2013_FLG_ID_003431_56015,6.8413370000
FLG2013_FLG_ID_003353_55820,6.1409870000
FLG2013_FLG_ID_004915_75731,126.0070200000
FLG2013_FLG_ID_002226_53731,14.3349240000
FLG2013_FLG_ID_000991_48747,6.9927420000
FLG2013_FLG_ID_002209_53697,10.8619010000
FLG2013_FLG_ID_003165_55471,5.2608830000
FLG2013_FLG_ID_002050_53372,5.4293620000
FLG2013_FLG_ID_005713_95315,5.5378110000
FLG2013_FLG_ID_004586_62532,38.7056270000
FLG2013_FLG_ID_004153_60631,18.8081130000
FLG2013_FLG_ID_003175_55483,5.3160280000
FLG2013_FLG_ID_003763_56585,5.7093280000
FLG2013_FLG_ID_000066_40008,385.1457340000
FLG2013_FLG_ID_000825_47733,11.3615020000
FLG2013_FLG_ID_005197_88847,35.0934380000
FLG2013_FLG_ID_002878_54941,7.2430270000
FLG2013_FLG_ID_002161_53592,5.7494010000
FLG2013_FLG_ID_003171_55479,5.2838530000
FLG2013_FLG_ID_002773_54708,5.7819110000
FLG2013_FLG_ID_004557_62249,19.2839910000
FLG2013_FLG_ID_005650_95214,5.9526710000
FLG2013_FLG_ID_000280_42352,6.9665450000
FLG2013_FLG_ID_001003_48833,19.9995320000
FLG2013_FLG_ID_001951_53081,14.5656860000
FLG2013_FLG_ID_002687_54514,5.7612720000
FLG2013_FLG_ID_003270_55660,5.5446780000
FLG2013_FLG_ID_002528_54254,7.7383700000
FLG2013_FLG_ID_005382_92135,6.0866100000
FLG2013_FLG_ID_001055_49350,32.2297750000
FLG2013_FLG_ID_003981_56962,5.9522790000
FLG2013_FLG_ID_005180_88825,30.4965070000
FLG2013_FLG_ID_004165_60691,27.6744710000
FLG2013_FLG_ID_004028_60071,56.1320730000
FLG2013_FLG_ID_001239_50332,5.2822450000
FLG2013_FLG_ID_003889_56801,193.4903960000
FLG2013_FLG_ID_001210_50241,132.8726680000
FLG2013_FLG_ID_004202_60807,43.1521630000
FLG2013_FLG_ID_005475_93325,11.6602700000
FLG2013_FLG_ID_004926_75743,8.6765310000
FLG2013_FLG_ID_005035_79390,11.3900890000
FLG2013_FLG_ID_000844_47785,62.7215150000
FLG2013_FLG_ID_002350_53930,6.0220130000
FLG2013_FLG_ID_003603_56293,7.2974890000
FLG2013_FLG_ID_004711_69078,103.4859550000
FLG2013_FLG_ID_001769_52438,6.8872170000
FLG2013_FLG_ID_004386_61546,8.5587920000
FLG2013_FLG_ID_001462_51432,13.7897560000
FLG2013_FLG_ID_005148_88750,8.3534140000
FLG2013_FLG_ID_003251_55618,5.2214270000
FLG2013_FLG_ID_004992_79197,5.4301230000
FLG2013_FLG_ID_004550_62215,5.6372030000
FLG2013_FLG_ID_005182_88827,21.6038440000
FLG2013_FLG_ID_005136_88725,38.6298180000
FLG2013_FLG_ID_000854_47855,6.6065450000
FLG2013_FLG_ID_000807_47543,17.8704420000
FLG2013_FLG_ID_000048_32834,5.5915360000
FLG2013_FLG_ID_005552_95010,6.6682890000
FLG2013_FLG_ID_003018_55170,9.9521270000
FLG2013_FLG_ID_000492_44403,17.4847210000
FLG2013_FLG_ID_005857_99647,117.3718980000
FLG2013_FLG_ID_000275_42331,222.6255550000
FLG2013_FLG_ID_001480_51480,23.4998890000
FLG2013_FLG_ID_005706_95308,5.9514470000
FLG2013_FLG_ID_001992_53193,10.3971000000
FLG2013_FLG_ID_005287_91218,13.9365540000
FLG2013_FLG_ID_000601_45014,7.3107630000
FLG2013_FLG_ID_002026_53279,6.2914580000
FLG2013_FLG_ID_004025_60068,19.1906920000
FLG2013_FLG_ID_001215_50247,100.7908030000
FLG2013_FLG_ID_003860_56723,12.4065620000
FLG2013_FLG_ID_002336_53906,5.6611690000
FLG2013_FLG_ID_002319_53879,7.3103380000
FLG2013_FLG_ID_003715_56498,13.9938920000
FLG2013_FLG_ID_004377_61475,10.6848970000
FLG2013_FLG_ID_000606_45140,5.9189310000
FLG2013_FLG_ID_003272_55663,5.6350350000
FLG2013_FLG_ID_005462_92962,6.6128520000
FLG2013_FLG_ID_001594_51858,39.4462460000
FLG2013_FLG_ID_004695_69052,27.4671590000
FLG2013_FLG_ID_004385_61531,10.2326820000
FLG2013_FLG_ID_003726_56515,6.1956480000
FLG2013_FLG_ID_005487_93413,5.9660550000
FLG2013_FLG_ID_003524_56142,5.6942400000
FLG2013_FLG_ID_003424_55983,9.7756250000
FLG2013_FLG_ID_005323_91289,5.8272460000
FLG2013_FLG_ID_000233_41952,105.8550510000
FLG2013_FLG_ID_003087_55335,6.4578140000
FLG2013_FLG_ID_001958_53103,5.7660800000
FLG2013_FLG_ID_000479_44228,7.6952260000
FLG2013_FLG_ID_000772_47307,36.5573130000
FLG2013_FLG_ID_005515_93925,23.7084220000
FLG2013_FLG_ID_001831_52639,8.9938950000
FLG2013_FLG_ID_004029_60072,21.7439700000
FLG2013_FLG_ID_002284_53836,5.6971770000
FLG2013_FLG_ID_001449_51403,35.9742600000
FLG2013_FLG_ID_002755_54655,13.6806570000
FLG2013_FLG_ID_000129_41045,12.8101090000
FLG2013_FLG_ID_000698_45818,10.6297830000
FLG2013_FLG_ID_003449_56042,6.5319330000
FLG2013_FLG_ID_005849_99626,5.9660100000
FLG2013_FLG_ID_001737_52332,6.7915640000
FLG2013_FLG_ID_002627_54422,5.6265620000
FLG2013_FLG_ID_000108_40558,368.2746190000
FLG2013_FLG_ID_000866_47928,140.9770370000
FLG2013_FLG_ID_005542_94746,26.5463870000
FLG2013_FLG_ID_003415_55969,5.6389980000
FLG2013_FLG_ID_000867_47929,99.6757570000
FLG2013_FLG_ID_001548_51683,40.0716560000
FLG2013_FLG_ID_005613_95155,12.2198680000
FLG2013_FLG_ID_002835_54845,7.2018670000
FLG2013_FLG_ID_005533_94195,5.7781810000
FLG2013_FLG_ID_004795_69217,5.5009060000
FLG2013_FLG_ID_005495_93523,5.8326060000
FLG2013_FLG_ID_002970_55099,5.9398060000
FLG2013_FLG_ID_001429_51349,47.2124540000
FLG2013_FLG_ID_003458_56053,6.3913820000
FLG2013_FLG_ID_000422_43615,11.2779100000
FLG2013_FLG_ID_004677_63291,54.6253580000
FLG2013_FLG_ID_001372_51140,187.8476090000
FLG2013_FLG_ID_003586_56263,5.7448250000
FLG2013_FLG_ID_003836_56681,6.7880380000
FLG2013_FLG_ID_000550_44730,15.8221520000
FLG2013_FLG_ID_000264_42179,202.4175640000
FLG2013_FLG_ID_002087_53432,7.1020380000
FLG2013_FLG_ID_003536_56163,6.5249690000
FLG2013_FLG_ID_003601_56291,7.9771360000
FLG2013_FLG_ID_000263_42177,196.5282620000
FLG2013_FLG_ID_001984_53177,13.4932440000
FLG2013_FLG_ID_002539_54274,5.4614600000
FLG2013_FLG_ID_005711_95313,5.4820540000
FLG2013_FLG_ID_002555_54290,5.1132740000
FLG2013_FLG_ID_000791_47437,46.9997940000
FLG2013_FLG_ID_004416_61588,6.1971760000
FLG2013_FLG_ID_002823_54824,6.4005640000
FLG2013_FLG_ID_005506_93682,5.6741320000
FLG2013_FLG_ID_000842_47781,73.0088740000
FLG2013_FLG_ID_005767_95421,6.5153480000
FLG2013_FLG_ID_001113_49698,28.2255860000
FLG2013_FLG_ID_005760_95414,6.0763860000
FLG2013_FLG_ID_000516_44553,23.2476640000
FLG2013_FLG_ID_000493_44405,12.1047770000
FLG2013_FLG_ID_000908_48359,6.1186880000
FLG2013_FLG_ID_002186_53654,185.2437270000
FLG2013_FLG_ID_004628_63156,9.4407640000
FLG2013_FLG_ID_005854_99644,7.1670930000
FLG2013_FLG_ID_005396_92220,6.3671090000
FLG2013_FLG_ID_000499_44512,15.1410020000
FLG2013_FLG_ID_001715_52264,48.6677130000
FLG2013_FLG_ID_001825_52619,16.3721570000
FLG2013_FLG_ID_001962_53117,12.9588830000
FLG2013_FLG_ID_004650_63199,6.9364660000
FLG2013_FLG_ID_005564_95034,5.9040030000
FLG2013_FLG_ID_001153_50085,209.0651540000
FLG2013_FLG_ID_005174_88802,5.7951060000
FLG2013_FLG_ID_000481_44249,16.3981560000
FLG2013_FLG_ID_003040_55219,15.5960260000
FLG2013_FLG_ID_003408_55956,7.0980200000
FLG2013_FLG_ID_001541_51662,41.2220950000
FLG2013_FLG_ID_001849_52687,9.3983890000
FLG2013_FLG_ID_002518_54241,7.8308540000
FLG2013_FLG_ID_002304_53861,5.5583950000
FLG2013_FLG_ID_000389_43240,133.9195780000
FLG2013_FLG_ID_005568_95055,53.0907480000
FLG2013_FLG_ID_001460_51426,12.5609440000
FLG2013_FLG_ID_003884_56786,12.5754950000
FLG2013_FLG_ID_000512_44544,15.7279530000
FLG2013_FLG_ID_004740_69127,6.1529060000
FLG2013_FLG_ID_005232_90993,9.9593790000
FLG2013_FLG_ID_000555_44736,17.4125610000
FLG2013_FLG_ID_002301_53858,6.1575470000
FLG2013_FLG_ID_000435_43663,54.8332050000
FLG2013_FLG_ID_000897_48340,25.5876740000
FLG2013_FLG_ID_005164_88781,27.3390040000
FLG2013_FLG_ID_004899_69438,15.7627750000
FLG2013_FLG_ID_000847_47794,12.8611190000
FLG2013_FLG_ID_005296_91231,5.5314030000
FLG2013_FLG_ID_000731_47021,197.1641980000
FLG2013_FLG_ID_004009_60037,56.0851580000
FLG2013_FLG_ID_005499_93577,50.6748070000
FLG2013_FLG_ID_003675_56408,5.9378010000
FLG2013_FLG_ID_001664_52152,12.6002110000
FLG2013_FLG_ID_003153_55456,5.9754770000
FLG2013_FLG_ID_002889_54970,18.4700440000
FLG2013_FLG_ID_005859_99650,13.1628560000
FLG2013_FLG_ID_000817_47718,23.4197910000
FLG2013_FLG_ID_001044_49245,25.6278740000
FLG2013_FLG_ID_000849_47828,65.5393840000
FLG2013_FLG_ID_004226_60889,68.7232990000
FLG2013_FLG_ID_003649_56365,9.7244620000
FLG2013_FLG_ID_003756_56576,5.8366120000
FLG2013_FLG_ID_004913_75729,13.7903840000
FLG2013_FLG_ID_002058_53386,5.7949310000
FLG2013_FLG_ID_005123_88660,6.7281070000
FLG2013_FLG_ID_003186_55502,5.5512770000
FLG2013_FLG_ID_001264_50388,6.5628900000
FLG2013_FLG_ID_003633_56344,5.7171760000
FLG2013_FLG_ID_004361_61410,10.5724290000
FLG2013_FLG_ID_000738_47061,23.8960090000
FLG2013_FLG_ID_003188_55504,5.8684800000
FLG2013_FLG_ID_004625_63030,12.1149230000
FLG2013_FLG_ID_002672_54496,5.8208800000
FLG2013_FLG_ID_003935_56890,15.9287410000
FLG2013_FLG_ID_002726_54585,6.9666430000
FLG2013_FLG_ID_002447_54114,6.2213180000
FLG2013_FLG_ID_001366_51124,18.1136790000
FLG2013_FLG_ID_002493_54194,183.3137230000
FLG2013_FLG_ID_004573_62417,6.6127520000
FLG2013_FLG_ID_004413_61585,7.0998740000
FLG2013_FLG_ID_000503_44519,18.9917970000
FLG2013_FLG_ID_002079_53420,6.7456520000
FLG2013_FLG_ID_003508_56120,6.9078210000
FLG2013_FLG_ID_000357_43108,72.1070560000
FLG2013_FLG_ID_001347_51045,13.9007410000
FLG2013_FLG_ID_000380_43219,21.0808040000
FLG2013_FLG_ID_003842_56687,5.8556080000
FLG2013_FLG_ID_001740_52352,9.7776070000
FLG2013_FLG_ID_001538_51653,6.8242570000
FLG2013_FLG_ID_000225_41860,12.7954020000
FLG2013_FLG_ID_002285_53838,5.9105980000
FLG2013_FLG_ID_001914_52894,17.6371330000
FLG2013_FLG_ID_002993_55133,5.6399250000
FLG2013_FLG_ID_002308_53865,5.7168800000
FLG2013_FLG_ID_004785_69207,5.6629310000
FLG2013_FLG_ID_001255_50365,6.6821780000
FLG2013_FLG_ID_002366_53959,5.8488260000
FLG2013_FLG_ID_004456_61733,5.9317800000
FLG2013_FLG_ID_000770_47304,31.3553250000
FLG2013_FLG_ID_002430_54075,6.0551960000
FLG2013_FLG_ID_002686_54513,5.6390050000
FLG2013_FLG_ID_000705_45860,6.0391560000
FLG2013_FLG_ID_003523_56141,5.5512490000
FLG2013_FLG_ID_001838_52649,8.7835310000
FLG2013_FLG_ID_005398_92313,86.7315680000
FLG2013_FLG_ID_001713_52261,37.6094790000
FLG2013_FLG_ID_000037_90966,7.7464370000
FLG2013_FLG_ID_000620_45310,13.9107810000
FLG2013_FLG_ID_000467_43941,96.8209790000
FLG2013_FLG_ID_002994_55134,5.9524760000
FLG2013_FLG_ID_004752_69149,7.6138750000
FLG2013_FLG_ID_000859_47902,26.5252520000
FLG2013_FLG_ID_005692_95287,7.8456280000
FLG2013_FLG_ID_000711_45911,16.2902940000
FLG2013_FLG_ID_003057_55291,7.5510980000
FLG2013_FLG_ID_003825_56667,5.5052720000
FLG2013_FLG_ID_005791_95456,34.4621780000
FLG2013_FLG_ID_005862_99661,9.8144420000
FLG2013_FLG_ID_003843_56688,6.3685710000
FLG2013_FLG_ID_005865_99680,5.4701280000
FLG2013_FLG_ID_001844_52680,11.1359930000
FLG2013_FLG_ID_005424_92565,5.1114670000
FLG2013_FLG_ID_004614_62929,13.1643540000
FLG2013_FLG_ID_003585_56261,5.5355090000
FLG2013_FLG_ID_000750_47148,194.8443560000
FLG2013_FLG_ID_003979_56960,5.9454630000
FLG2013_FLG_ID_002078_53419,6.6519080000
FLG2013_FLG_ID_004886_69401,5.7827570000
FLG2013_FLG_ID_005436_92646,10.2303940000
FLG2013_FLG_ID_000694_45808,17.8633240000
FLG2013_FLG_ID_000017_53895,5.9507380000
FLG2013_FLG_ID_003039_55218,5.9486780000
FLG2013_FLG_ID_002259_53787,20.4578140000
FLG2013_FLG_ID_004823_69258,231.2046210000
FLG2013_FLG_ID_001778_52473,6.3566520000
FLG2013_FLG_ID_001296_50501,79.7742420000
FLG2013_FLG_ID_001521_51597,81.2560060000
FLG2013_FLG_ID_004143_60591,83.0636980000
FLG2013_FLG_ID_003578_56240,6.5820340000
FLG2013_FLG_ID_001699_52227,12.8822650000
FLG2013_FLG_ID_002909_55007,5.7033660000
FLG2013_FLG_ID_004428_61602,5.5326640000
FLG2013_FLG_ID_005077_83710,6.7899240000
FLG2013_FLG_ID_004556_62246,23.5240550000
FLG2013_FLG_ID_001785_52514,16.3589400000
FLG2013_FLG_ID_002444_54111,7.2367980000
FLG2013_FLG_ID_003293_55707,5.5149300000
FLG2013_FLG_ID_004608_62916,75.4102540000
FLG2013_FLG_ID_000993_48756,8.1683550000
FLG2013_FLG_ID_002113_53493,16.1864060000
FLG2013_FLG_ID_004337_61350,8.3175670000
FLG2013_FLG_ID_001443_51389,32.6555230000
FLG2013_FLG_ID_005485_93406,5.7229250000
FLG2013_FLG_ID_000478_44206,5.1495720000
FLG2013_FLG_ID_002791_54770,5.9885190000
FLG2013_FLG_ID_003694_56462,13.5785440000
FLG2013_FLG_ID_004348_61373,13.3762280000
FLG2013_FLG_ID_002833_54838,10.2175460000
FLG2013_FLG_ID_000851_47850,6.1654180000
FLG2013_FLG_ID_004224_60885,28.1374130000
FLG2013_FLG_ID_004147_60602,15.2807100000
FLG2013_FLG_ID_000894_48334,14.0235960000
FLG2013_FLG_ID_003774_56604,14.2008900000
FLG2013_FLG_ID_003363_55841,6.0792640000
FLG2013_FLG_ID_005253_91069,6.6924940000
FLG2013_FLG_ID_003610_56304,5.9465410000
FLG2013_FLG_ID_003965_56933,5.5900490000
FLG2013_FLG_ID_005119_83894,5.6636760000
FLG2013_FLG_ID_004933_75762,17.6493950000
FLG2013_FLG_ID_002540_54275,5.5001930000
FLG2013_FLG_ID_001162_50110,117.6881800000
FLG2013_FLG_ID_001942_53059,6.6349500000
FLG2013_FLG_ID_002178_53632,6.6470450000
FLG2013_FLG_ID_004777_69199,21.9236110000
FLG2013_FLG_ID_004702_69066,113.2707610000
FLG2013_FLG_ID_004669_63260,17.0616130000
FLG2013_FLG_ID_004807_69229,5.6988580000
FLG2013_FLG_ID_002507_54221,8.9932610000
FLG2013_FLG_ID_004559_62326,24.7412510000
FLG2013_FLG_ID_002187_53655,15.1415420000
FLG2013_FLG_ID_005405_92426,23.7025150000
FLG2013_FLG_ID_001921_53000,7.9360540000
FLG2013_FLG_ID_000489_44356,15.4114400000
FLG2013_FLG_ID_003030_55193,7.7732260000
FLG2013_FLG_ID_005249_91055,142.8923060000
FLG2013_FLG_ID_002475_54164,9.2529040000
FLG2013_FLG_ID_000497_44444,9.7423640000
FLG2013_FLG_ID_002502_54212,5.7428620000
FLG2013_FLG_ID_005199_88849,9.2941910000
FLG2013_FLG_ID_001782_52491,205.0395220000
FLG2013_FLG_ID_005339_91505,5.6813600000
FLG2013_FLG_ID_001563_51736,40.5320430000
FLG2013_FLG_ID_002247_53766,6.6667160000
FLG2013_FLG_ID_002435_54083,5.7797110000
FLG2013_FLG_ID_005637_95191,5.6029900000
FLG2013_FLG_ID_001619_52030,11.8163600000
FLG2013_FLG_ID_003805_56642,6.0321710000
FLG2013_FLG_ID_001315_50555,5.6469370000
FLG2013_FLG_ID_000689_45744,14.0997340000
FLG2013_FLG_ID_002787_54762,6.1617910000
FLG2013_FLG_ID_003398_55942,5.6874530000
FLG2013_FLG_ID_004246_60960,11.9518830000
FLG2013_FLG_ID_005565_95035,6.4271230000
FLG2013_FLG_ID_005344_91608,5.7761170000
FLG2013_FLG_ID_001392_51213,40.7857610000
FLG2013_FLG_ID_000549_44722,50.5863010000
FLG2013_FLG_ID_004741_69128,30.8065060000
FLG2013_FLG_ID_001209_50240,15.7041440000
FLG2013_FLG_ID_004432_61617,6.3708550000
FLG2013_FLG_ID_002044_53357,5.6359500000
FLG2013_FLG_ID_005675_95262,11.2751700000
FLG2013_FLG_ID_002668_54481,5.8091220000
FLG2013_FLG_ID_002337_53907,5.6385680000
FLG2013_FLG_ID_003273_55664,5.5124140000
FLG2013_FLG_ID_003920_56862,5.4933990000
FLG2013_FLG_ID_000962_48604,6.4470340000
FLG2013_FLG_ID_003073_55312,5.5854870000
FLG2013_FLG_ID_001490_51519,61.3845570000
FLG2013_FLG_ID_000444_43698,6.0541790000
FLG2013_FLG_ID_002091_53438,7.4058900000
FLG2013_FLG_ID_000440_43682,109.1623540000
FLG2013_FLG_ID_002137_53533,8.3255870000
FLG2013_FLG_ID_004855_69334,5.3736620000
FLG2013_FLG_ID_003063_55301,5.5208280000
FLG2013_FLG_ID_000298_42466,33.2019690000
FLG2013_FLG_ID_000666_45664,6.4737740000
FLG2013_FLG_ID_002587_54340,5.6391930000
FLG2013_FLG_ID_002288_53844,5.8862720000
FLG2013_FLG_ID_000398_43304,49.0009000000
FLG2013_FLG_ID_003848_56704,5.7133960000
FLG2013_FLG_ID_004955_75816,9.9276690000
FLG2013_FLG_ID_003516_56134,179.0851690000
FLG2013_FLG_ID_001027_49058,6.0688140000
FLG2013_FLG_ID_001252_50354,6.8374350000
FLG2013_FLG_ID_000783_47340,20.0517670000
FLG2013_FLG_ID_000288_42371,5.5162090000
FLG2013_FLG_ID_003674_56407,5.1733050000
FLG2013_FLG_ID_003002_55143,15.0969530000
FLG2013_FLG_ID_003204_55538,5.5480260000
FLG2013_FLG_ID_004793_69215,5.5243690000
FLG2013_FLG_ID_002872_54927,5.4768460000
FLG2013_FLG_ID_004278_61111,60.9078380000
FLG2013_FLG_ID_002995_55135,5.7873320000
FLG2013_FLG_ID_003859_56720,7.8323300000
FLG2013_FLG_ID_005825_98204,7.2839600000
FLG2013_FLG_ID_002340_53910,5.5601430000
FLG2013_FLG_ID_002930_55036,5.7823770000
FLG2013_FLG_ID_002317_53875,6.0614270000
FLG2013_FLG_ID_000652_45502,10.9153020000
FLG2013_FLG_ID_005848_99622,12.2221110000
FLG2013_FLG_ID_002069_53406,5.6282780000
FLG2013_FLG_ID_005647_95211,5.7139780000
FLG2013_FLG_ID_002142_53541,18.1983790000
FLG2013_FLG_ID_000869_47961,77.7198830000
FLG2013_FLG_ID_001707_52239,7.0420800000
FLG2013_FLG_ID_003918_56853,7.3640130000
FLG2013_FLG_ID_004476_61871,9.4624560000
FLG2013_FLG_ID_001947_53069,6.6848810000
FLG2013_FLG_ID_001253_50355,6.4964280000
FLG2013_FLG_ID_004280_61114,29.5614760000
FLG2013_FLG_ID_000482_44250,8.5735130000
FLG2013_FLG_ID_001250_50352,6.8213740000
FLG2013_FLG_ID_005677_95264,5.5191230000
FLG2013_FLG_ID_003444_56034,15.4380590000
FLG2013_FLG_ID_003784_56615,7.3340790000
FLG2013_FLG_ID_001397_51227,19.5159250000
FLG2013_FLG_ID_005732_95365,5.1471370000
FLG2013_FLG_ID_002371_53966,5.5884070000
FLG2013_FLG_ID_004236_60911,7.2121320000
FLG2013_FLG_ID_002208_53696,7.3904550000
FLG2013_FLG_ID_004518_62005,24.6728150000
FLG2013_FLG_ID_001537_51651,45.4949480000
FLG2013_FLG_ID_003545_56173,6.5177990000
FLG2013_FLG_ID_000768_47302,34.7781990000
FLG2013_FLG_ID_001310_50542,5.8704060000
FLG2013_FLG_ID_002767_54695,6.4375490000
FLG2013_FLG_ID_000692_45801,15.0523920000
FLG2013_FLG_ID_004589_62544,7.2039470000
FLG2013_FLG_ID_003090_55343,6.6841640000
FLG2013_FLG_ID_002363_53950,5.7834080000
FLG2013_FLG_ID_004286_61126,5.7046900000
FLG2013_FLG_ID_001398_51229,14.5903230000
FLG2013_FLG_ID_003573_56231,5.7696870000
FLG2013_FLG_ID_003407_55954,5.5377620000
FLG2013_FLG_ID_004940_75790,31.2689790000
FLG2013_FLG_ID_001066_49409,5.0854030000
FLG2013_FLG_ID_001249_50350,6.7672170000
FLG2013_FLG_ID_001362_51114,11.1809200000
FLG2013_FLG_ID_000490_44373,226.2856430000
FLG2013_FLG_ID_005361_91887,26.3454460000
FLG2013_FLG_ID_001931_53040,6.7510760000
FLG2013_FLG_ID_004494_61916,14.7361850000
FLG2013_FLG_ID_005863_99662,13.1579510000
FLG2013_FLG_ID_000504_44521,20.7213070000
FLG2013_FLG_ID_002001_53226,9.5869070000
FLG2013_FLG_ID_003960_56928,5.7202950000
FLG2013_FLG_ID_001893_52852,13.3669770000
FLG2013_FLG_ID_001442_51387,54.6783230000
FLG2013_FLG_ID_000139_41139,137.1247180000
FLG2013_FLG_ID_003070_55308,5.7057060000
FLG2013_FLG_ID_000916_48371,187.3955880000
FLG2013_FLG_ID_000062_32858,13.7919760000
FLG2013_FLG_ID_000561_44781,11.5047330000
FLG2013_FLG_ID_004325_61312,10.7620170000
FLG2013_FLG_ID_002551_54286,5.7416330000
FLG2013_FLG_ID_003692_56440,10.8407800000
FLG2013_FLG_ID_002603_54383,6.2062270000
FLG2013_FLG_ID_005004_79340,5.6152850000
FLG2013_FLG_ID_005111_83857,22.2449130000
FLG2013_FLG_ID_005505_93681,5.6402320000
FLG2013_FLG_ID_003695_56463,5.7890680000
FLG2013_FLG_ID_002743_54615,8.0762790000
FLG2013_FLG_ID_004920_75736,155.3321120000
FLG2013_FLG_ID_005235_91009,21.5350730000
FLG2013_FLG_ID_005446_92761,22.8534150000
FLG2013_FLG_ID_003895_56807,5.5230380000
FLG2013_FLG_ID_004523_62037,7.4365680000
FLG2013_FLG_ID_004597_62709,6.9344700000
FLG2013_FLG_ID_002877_54939,8.8198580000
FLG2013_FLG_ID_002665_54474,5.4634060000
FLG2013_FLG_ID_005619_95167,12.7029410000
FLG2013_FLG_ID_000568_44813,14.7555910000
FLG2013_FLG_ID_002646_54446,6.1012580000
FLG2013_FLG_ID_005153_88756,6.1850850000
FLG2013_FLG_ID_000528_44628,22.7748680000
FLG2013_FLG_ID_000693_45802,13.1591500000
FLG2013_FLG_ID_005275_91202,6.0557920000
FLG2013_FLG_ID_001010_48867,18.5114330000
FLG2013_FLG_ID_001063_49397,43.8657720000
FLG2013_FLG_ID_001602_51869,67.3400170000
FLG2013_FLG_ID_005739_95380,6.0850750000
FLG2013_FLG_ID_003410_55958,7.0716770000
FLG2013_FLG_ID_003832_56676,5.7259650000
FLG2013_FLG_ID_001135_50033,115.4316800000
FLG2013_FLG_ID_004534_62135,10.0258170000
FLG2013_FLG_ID_001430_51353,84.6005210000
FLG2013_FLG_ID_003815_56656,5.7930340000
FLG2013_FLG_ID_001234_50309,5.7389090000
FLG2013_FLG_ID_001019_48962,37.6679430000
FLG2013_FLG_ID_004276_61094,23.3146550000
FLG2013_FLG_ID_005021_79368,5.4371970000
FLG2013_FLG_ID_003945_56908,13.0109140000
FLG2013_FLG_ID_005256_91081,22.2466190000
FLG2013_FLG_ID_005015_79357,5.4408900000
FLG2013_FLG_ID_001468_51447,53.3571140000
FLG2013_FLG_ID_003045_55226,6.0759200000
FLG2013_FLG_ID_003187_55503,6.0620670000
FLG2013_FLG_ID_005812_95507,5.7133320000
FLG2013_FLG_ID_005511_93874,5.8517500000
FLG2013_FLG_ID_002281_53833,5.3356290000
FLG2013_FLG_ID_000302_42475,36.5951870000
FLG2013_FLG_ID_002662_54471,6.1846650000
FLG2013_FLG_ID_004715_69084,15.1709020000
FLG2013_FLG_ID_005063_79737,5.4142340000
FLG2013_FLG_ID_001214_50246,119.7730620000
FLG2013_FLG_ID_002339_53909,5.6836550000
FLG2013_FLG_ID_004884_69396,5.4987890000
FLG2013_FLG_ID_005156_88766,16.2452880000
FLG2013_FLG_ID_002934_55041,6.0318590000
FLG2013_FLG_ID_004262_61019,193.5184420000
FLG2013_FLG_ID_004885_69399,37.9545470000
FLG2013_FLG_ID_005803_95477,5.7444360000
FLG2013_FLG_ID_004370_61451,13.2936550000
FLG2013_FLG_ID_004982_75861,34.5765420000
FLG2013_FLG_ID_001819_52612,6.9476750000
FLG2013_FLG_ID_000042_95083,13.6922570000
FLG2013_FLG_ID_002185_53653,13.7028050000
FLG2013_FLG_ID_000003_41450,67.2992460000
FLG2013_FLG_ID_004054_60107,47.0642060000
FLG2013_FLG_ID_004275_61081,52.1398030000
FLG2013_FLG_ID_004127_60492,5.6163970000
FLG2013_FLG_ID_005648_95212,5.6586350000
FLG2013_FLG_ID_000155_41301,52.0542400000
FLG2013_FLG_ID_004239_60921,53.9502840000
FLG2013_FLG_ID_004989_79192,5.7577710000
FLG2013_FLG_ID_004380_61519,12.3581720000
FLG2013_FLG_ID_003841_56686,5.6602670000
FLG2013_FLG_ID_000621_45311,33.2311020000
FLG2013_FLG_ID_002176_53628,6.7657900000
FLG2013_FLG_ID_003766_56590,5.8267780000
FLG2013_FLG_ID_002090_53437,14.2049060000
FLG2013_FLG_ID_001080_49475,5.4808480000
FLG2013_FLG_ID_002051_53375,5.7255190000
FLG2013_FLG_ID_003854_56713,186.4581010000
FLG2013_FLG_ID_003858_56718,8.8013440000
FLG2013_FLG_ID_003399_55945,5.4622030000
FLG2013_FLG_ID_004100_60287,41.0228620000
FLG2013_FLG_ID_002936_55047,6.2633710000
FLG2013_FLG_ID_004656_63209,5.5229440000
FLG2013_FLG_ID_004374_61462,14.9750360000
FLG2013_FLG_ID_005715_95317,5.5048370000
